{
  "eligible_total_beans": 1500,
  "host_bonus_pool_usd": 600.0,
  "hosts": [
    {
      "bonus_pool_share_usd": 400.0,
      "host_id": "H1",
      "host_total_pay_usd": 500.0
    },
    {
      "bonus_pool_share_usd": 200.0,
      "host_id": "H2",
      "host_total_pay_usd": 280.0
    },
    {
      "bonus_pool_share_usd": 0.0,
      "host_id": "H3",
      "host_total_pay_usd": 50.0
    }
  ],
  "inputs": {
    "actual_agency_commission_usd": 1000.0,
    "host_bonus_pool_percent": 0.6,
    "month": "2026-03",
    "recruiter_pool_percent": 0.07,
    "sunset_pool_active": true,
    "sunset_pool_percent": 0.15,
    "total_agency_gross_usd": 5000.0
  },
  "month": "2026-03",
  "recruiter_pool_usd": 350.0,
  "recruiters": [
    {
      "bounty_payout_usd": 100.0,
      "contribution_beans": 1000,
      "recruiter_id": "R1",
      "recruiter_pool_share_usd": 350.0,
      "sunset_pool_share_usd": 150.0,
      "total_recruiter_payout_usd": 600.0
    },
    {
      "bounty_payout_usd": 0,
      "contribution_beans": 0,
      "recruiter_id": "R2",
      "recruiter_pool_share_usd": 0.0,
      "sunset_pool_share_usd": 0.0,
      "total_recruiter_payout_usd": 0.0
    }
  ],
  "sunset_pool_usd": 150.0,
  "total_recruiter_contribution_beans": 1000
}